{
    "project": "2_3D_Human_Pose_Estimation",
    "output": [
        {
            "frame": 0,
            "predictions": [
                {
                    "id": 0,
                    "pred": [
                        [
                            0.0,
                            0.0,
                            0.0
                        ],
                        [
                            -10.635498046875,
                            0.59051513671875,
                            2.79656982421875
                        ],
                        [
                            -12.592872619628906,
                            42.65971374511719,
                            10.7425537109375
                        ],
                        [
                            -15.37054443359375,
                            84.15943908691406,
                            12.537002563476562
                        ],
                        [
                            11.172393798828125,
                            -1.0525970458984375,
                            -2.3209304809570312
                        ],
                        [
                            14.885482788085938,
                            42.46478271484375,
                            7.2562103271484375
                        ],
                        [
                            16.60284423828125,
                            87.88346862792969,
                            17.091201782226562
                        ],
                        [
                            -1.833282470703125,
                            -30.265220642089844,
                            -2.7867889404296875
                        ],
                        [
                            -4.18182373046875,
                            -75.19981384277344,
                            -9.332405090332031
                        ],
                        [
                            -5.9521331787109375,
                            -90.98310852050781,
                            -9.723773956298828
                        ],
                        [
                            -5.870025634765625,
                            -110.00881958007812,
                            -9.178680419921875
                        ],
                        [
                            17.416976928710938,
                            -65.8824462890625,
                            -10.457767486572266
                        ],
                        [
                            29.7054443359375,
                            -34.56629943847656,
                            -15.482219696044922
                        ],
                        [
                            19.121902465820312,
                            -19.494544982910156,
                            -23.791072845458984
                        ],
                        [
                            -25.87360382080078,
                            -64.91969299316406,
                            -3.9120330810546875
                        ],
                        [
                            -31.934127807617188,
                            -35.698081970214844,
                            6.1719512939453125
                        ],
                        [
                            -43.930519104003906,
                            -3.1580352783203125,
                            3.9818267822265625
                        ],
                        [
                            -4.2385711669921875,
                            -65.16172790527344,
                            -7.901008605957031
                        ]
                    ]
                },
                {
                    "id": 1,
                    "pred": [
                        [
                            0.0,
                            0.0,
                            0.0
                        ],
                        [
                            -12.575088500976562,
                            -0.656890869140625,
                            -0.7228050231933594
                        ],
                        [
                            -10.302726745605469,
                            45.20806884765625,
                            7.417022705078125
                        ],
                        [
                            -6.1496124267578125,
                            94.93695068359375,
                            12.488922119140625
                        ],
                        [
                            11.75177001953125,
                            -0.360992431640625,
                            0.35497283935546875
                        ],
                        [
                            12.820709228515625,
                            43.99864196777344,
                            5.748374938964844
                        ],
                        [
                            4.8491668701171875,
                            94.28865051269531,
                            15.272918701171875
                        ],
                        [
                            -1.2465133666992188,
                            -30.08165740966797,
                            -2.7808380126953125
                        ],
                        [
                            -1.41632080078125,
                            -72.65696716308594,
                            -8.966278076171875
                        ],
                        [
                            -1.99420166015625,
                            -88.10206604003906,
                            -6.7784423828125
                        ],
                        [
                            -3.4758224487304688,
                            -109.87675476074219,
                            -7.345478057861328
                        ],
                        [
                            19.46893310546875,
                            -61.265594482421875,
                            -9.101154327392578
                        ],
                        [
                            30.159515380859375,
                            -32.007102966308594,
                            -11.549644470214844
                        ],
                        [
                            26.494979858398438,
                            2.96746826171875,
                            -17.537914276123047
                        ],
                        [
                            -24.06951904296875,
                            -63.871795654296875,
                            -4.852191925048828
                        ],
                        [
                            -32.228614807128906,
                            -32.897132873535156,
                            0.6068649291992188
                        ],
                        [
                            -41.69970703125,
                            -2.9359588623046875,
                            5.081001281738281
                        ],
                        [
                            -1.14031982421875,
                            -61.893898010253906,
                            -7.7899627685546875
                        ]
                    ]
                }
            ]
        },
        {
            "frame": 1,
            "predictions": [
                {
                    "id": 0,